<?xml version="1.0" encoding="UTF-8" standalone="yes" ?>
<addon id="plugin.video.vikirakuten" name="VIKI Rakuten®" version="0.0.0.5" provider-name="Lantash">
  <requires>
	<import addon="xbmc.python" version="3.0.0"/>
	<import addon="inputstream.adaptive" version="2.1.0"/>
	<import addon="script.module.requests" version="2.22.0"/>
	<import addon="script.module.inputstreamhelper" version="0.3.3"/>
	<import addon="script.module.youtube.dl" version="21.303.0+matrix.1"/>
    <import addon="script.module.six" />
  </requires>
  <extension point="xbmc.python.pluginsource" library="addon.py">
  	<provides>video</provides>
  </extension>
  <extension point="xbmc.addon.metadata">
  	<summary lang="pl">VIKI.COM FILMY OD FANÓW DLA FANÓW</summary>
  	<summary lang="en">VIKI.COM GLOBAL TV POWERED BY FANS</summary>
  	<description lang="bg">[B][COLOR red]Przed użyciem ustaw swoje preferencje w ustawieniach dodatku![/B][/COLOR] Na VIKI.COM oglądaj najlepsze światowe programy telewizyjne, filmy, wiadomości rozrywkowe i inne treści premium w wysokiej jakości, przetłumaczone na ponad 150 języków przez społeczność zapalonych fanów. Razem przełamujemy bariery, które stoją między świetną rozrywką a jej fanami, bez względu na to, gdzie się znajdują!</description>
  	<description lang="en">[B][COLOR red]Before use, set your preferences in the addon settings![/B][/COLOR] In VIKI.COM watch the best global TV shows, movies, entertainment news and other premium content in high quality, translated into more than 150 languages by a community of avid fans. Together, we’re breaking down barriers that stand between great entertainment and its fans, no matter where they are!</description>
  	<disclaimer lang="pl">To nie jest oficjalny dodatek! Jeśli oficjalna aplikacja jest dostępna dla Twojej platformy, użyj jej zamiast tego dodatku. Wszelkie prawa dotyczące treści są zastrzeżone przez Rakuten.</disclaimer>
  	<disclaimer lang="en">This is not an official addon! If the official APP is available for your platform, use it instead of this addon. All rights on content are reserved by Rakuten.</disclaimer>
  	<language>en</language>
  	<platform>all</platform>
    <license>GNU GENERAL PUBLIC LICENSE. Version 2, June 1991</license>
  	<forum>https://kodibg.org/forum/thread-209.html</forum>
  	<website>https://www.viki.com</website>
  	<news>
		Changelog
		0.0.0.5
		Disconnected from youtube-dl
		Independent API
		0.0.0.4
		wyszukiwanie i lista wyszukiwania
		czyszczenie listy
		0.0.0.3
		Audio fix
		hash fix
		lista jezyków napisów
	</news>
	<assets>
	   <icon>resources/icon.png</icon>
       <fanart>resources/fanart.jpg</fanart>
       <screenshot>resources/screenshot-01.jpg</screenshot>
       <screenshot>resources/screenshot-02.jpg</screenshot>
       <screenshot>resources/screenshot-03.jpg</screenshot>
	</assets>
  </extension>
</addon>
